Creation Time,Marketplace Type,Body,Currency Code,Currency Amount,Billing Time Unit,Free Consultation included
Sun Aug 03 11:30:14 UTC 2025,SERVICE_MARKETPLACE,,,,,
Sun Aug 03 11:30:31 UTC 2025,SERVICE_MARKETPLACE,,,,,
Sun Aug 03 11:30:48 UTC 2025,SERVICE_MARKETPLACE,,,,,
Sun Aug 03 11:31:03 UTC 2025,SERVICE_MARKETPLACE,,,,,
Sun Aug 03 11:31:13 UTC 2025,SERVICE_MARKETPLACE,,,,,
Sun Aug 03 11:31:24 UTC 2025,SERVICE_MARKETPLACE,,,,,
Sun Aug 03 11:31:35 UTC 2025,SERVICE_MARKETPLACE,,,,,
Sun Aug 03 11:31:50 UTC 2025,SERVICE_MARKETPLACE,,,,,
Sun Aug 03 11:32:35 UTC 2025,SERVICE_MARKETPLACE,,,,,
Sun Aug 03 11:33:07 UTC 2025,SERVICE_MARKETPLACE,,,,,
Sun Aug 03 11:33:27 UTC 2025,SERVICE_MARKETPLACE,,,,,
Sun Aug 03 11:33:37 UTC 2025,SERVICE_MARKETPLACE,,,,,
Sun Aug 03 11:34:20 UTC 2025,SERVICE_MARKETPLACE,,,,,
Sun Aug 03 11:40:01 UTC 2025,SERVICE_MARKETPLACE,,,,,
Sun Aug 03 11:42:44 UTC 2025,SERVICE_MARKETPLACE,,,,,
Sun Aug 03 11:43:43 UTC 2025,SERVICE_MARKETPLACE,,,,,
