Date,Link,Message
2026-04-16 13:15:55,https://www.linkedin.com/feed/update/urn%3Ali%3AugcPost%3A7450396693734490114,"Congratulations! 🎉"
2026-01-15 09:19:03,https://www.linkedin.com/feed/update/urn%3Ali%3AugcPost%3A7417111470645166080,Congratulations! 🎉
2026-01-07 07:20:00,https://www.linkedin.com/feed/update/urn%3Ali%3AugcPost%3A7411378566627520512,Congratulations! 🎉
2026-01-07 07:17:19,https://www.linkedin.com/feed/update/urn%3Ali%3AugcPost%3A7414395763310469121,Wishing you the best
2025-12-06 02:19:13,https://www.linkedin.com/feed/update/urn%3Ali%3AugcPost%3A7402417443064872963,🎉🎉🎉
2025-12-02 00:56:19,https://www.linkedin.com/feed/update/urn%3Ali%3Aactivity%3A7401216083120082944,Congratulations! 🎉
2025-11-24 19:38:22,https://www.linkedin.com/feed/update/urn%3Ali%3AugcPost%3A7398791976629850112,Great job
2025-11-18 19:22:11,https://www.linkedin.com/feed/update/urn%3Ali%3Aactivity%3A7392854243851911168,"👏 Well deserved, Hala"
2024-11-05 15:52:36,https://www.linkedin.com/feed/update/urn%3Ali%3Aactivity%3A7258588426411634688,Congrats Ahmad! 🎉
2024-09-01 21:36:01,https://www.linkedin.com/feed/update/urn%3Ali%3Aactivity%3A7235519234007547904,"interested"
2024-07-09 18:05:04,https://www.linkedin.com/feed/update/urn%3Ali%3Aactivity%3A7215950315496345600,"I'm interested"
2024-06-19 22:19:56,https://www.linkedin.com/feed/update/urn%3Ali%3Aactivity%3A7208078558940823552,I'm İnterested
2024-06-19 07:52:40,https://www.linkedin.com/feed/update/urn%3Ali%3Aactivity%3A7208759608604008448,Interested 
