Action,Date,Ad Title/Id,Page/App
Impression,2025/12/21,1071487774,"Truecaller: Caller ID, Blocker"
Impression,2025/12/21,1072379394,"Truecaller: Caller ID, Blocker"
Impression,2025/12/21,1094893093,"Truecaller: Caller ID, Blocker"
Impression,2025/12/21,934039953,"Truecaller: Caller ID, Blocker"
Impression,2026/03/13,1191391323,Eyecon Caller ID & Spam Block
Impression,2026/03/13,1227212494,Eyecon Caller ID & Spam Block
Impression,2026/03/13,1229900504,Eyecon Caller ID & Spam Block
Impression,2026/03/13,1230709194,Eyecon Caller ID & Spam Block
Impression,2026/03/14,1191391323,Eyecon Caller ID & Spam Block
Impression,2026/03/14,1191677803,Eyecon Caller ID & Spam Block
Impression,2026/03/14,1230709194,Eyecon Caller ID & Spam Block
Impression,2026/03/14,1231420134,Eyecon Caller ID & Spam Block
Impression,2026/03/14,1232500334,Eyecon Caller ID & Spam Block
Impression,2026/03/14,849233764,Eyecon Caller ID & Spam Block
Impression,2026/03/14,863688003,Eyecon Caller ID & Spam Block
Impression,2026/03/14,902104023,Eyecon Caller ID & Spam Block
Impression,2026/03/15,1193913053,Eyecon Caller ID & Spam Block
Impression,2026/03/15,1230709194,Eyecon Caller ID & Spam Block
Impression,2026/03/15,1231392694,Eyecon Caller ID & Spam Block
Impression,2026/03/15,1231420134,Eyecon Caller ID & Spam Block
Impression,2026/03/15,1232481774,Eyecon Caller ID & Spam Block
Impression,2026/03/15,1232500334,Eyecon Caller ID & Spam Block
Impression,2026/03/15,863688003,Eyecon Caller ID & Spam Block
Impression,2026/03/16,1231392694,Eyecon Caller ID & Spam Block
Impression,2026/03/16,1232481774,Eyecon Caller ID & Spam Block
Impression,2026/03/16,1232500334,Eyecon Caller ID & Spam Block
Impression,2026/03/16,863688003,Eyecon Caller ID & Spam Block
Impression,2026/03/17,1179688863,Eyecon Caller ID & Spam Block
Impression,2026/03/17,1181088873,Eyecon Caller ID & Spam Block
Impression,2026/03/17,1181388613,Eyecon Caller ID & Spam Block
Impression,2026/03/17,1181988193,Eyecon Caller ID & Spam Block
Impression,2026/03/17,1229632394,Eyecon Caller ID & Spam Block
Impression,2026/03/17,1229632404,Eyecon Caller ID & Spam Block
Impression,2026/03/17,1230420114,Eyecon Caller ID & Spam Block
Impression,2026/03/17,1231392694,Eyecon Caller ID & Spam Block
Impression,2026/03/17,1231420134,Eyecon Caller ID & Spam Block
Impression,2026/03/17,1232500334,Eyecon Caller ID & Spam Block
Impression,2026/03/17,863688003,Eyecon Caller ID & Spam Block
Impression,2026/03/18,1179688933,Eyecon Caller ID & Spam Block
Impression,2026/03/18,1181988193,Eyecon Caller ID & Spam Block
Impression,2026/03/18,1196180033,Eyecon Caller ID & Spam Block
Impression,2026/03/18,1231392694,Eyecon Caller ID & Spam Block
Impression,2026/03/18,1232500334,Eyecon Caller ID & Spam Block
Impression,2026/03/18,849233764,Eyecon Caller ID & Spam Block
Impression,2026/03/19,1179688863,Eyecon Caller ID & Spam Block
Impression,2026/03/19,1179688933,Eyecon Caller ID & Spam Block
Impression,2026/03/19,1180988713,Eyecon Caller ID & Spam Block
Impression,2026/03/19,1181988193,Eyecon Caller ID & Spam Block
Impression,2026/03/19,1188382793,Eyecon Caller ID & Spam Block
Impression,2026/03/19,1196091823,Eyecon Caller ID & Spam Block
Impression,2026/03/19,1231392694,Eyecon Caller ID & Spam Block
Impression,2026/03/19,1231420134,Eyecon Caller ID & Spam Block
Click,2026/03/21,1180988713,Eyecon Caller ID & Spam Block
Impression,2026/03/21,1179688863,Eyecon Caller ID & Spam Block
Impression,2026/03/21,1179688933,Eyecon Caller ID & Spam Block
Impression,2026/03/21,1180189163,Eyecon Caller ID & Spam Block
Impression,2026/03/21,1180988713,Eyecon Caller ID & Spam Block
Impression,2026/03/21,1181289193,Eyecon Caller ID & Spam Block
Impression,2026/03/21,1181988163,Eyecon Caller ID & Spam Block
Impression,2026/03/21,1181988193,Eyecon Caller ID & Spam Block
Impression,2026/03/21,1188382793,Eyecon Caller ID & Spam Block
Impression,2026/03/21,1193752803,Eyecon Caller ID & Spam Block
Impression,2026/03/21,1231392694,Eyecon Caller ID & Spam Block
Impression,2026/03/21,1231420134,Eyecon Caller ID & Spam Block
Impression,2026/03/22,1180488573,Eyecon Caller ID & Spam Block
Impression,2026/03/22,1180988713,Eyecon Caller ID & Spam Block
Impression,2026/03/22,1181988163,Eyecon Caller ID & Spam Block
Impression,2026/03/22,1231420134,Eyecon Caller ID & Spam Block
Impression,2026/03/23,1231392694,Eyecon Caller ID & Spam Block
Impression,2026/03/23,1231420134,Eyecon Caller ID & Spam Block
Impression,2026/03/23,849233764,Eyecon Caller ID & Spam Block
Impression,2026/03/23,863688003,Eyecon Caller ID & Spam Block
Click,2026/03/24,1179688863,Eyecon Caller ID & Spam Block
Impression,2026/03/24,1179688863,Eyecon Caller ID & Spam Block
Impression,2026/03/24,1181088873,Eyecon Caller ID & Spam Block
Impression,2026/03/24,1181988193,Eyecon Caller ID & Spam Block
Impression,2026/03/24,1196882113,Eyecon Caller ID & Spam Block
Impression,2026/03/24,1231392694,Eyecon Caller ID & Spam Block
Impression,2026/03/24,1231420134,Eyecon Caller ID & Spam Block
Impression,2026/03/24,849233764,Eyecon Caller ID & Spam Block
Impression,2026/03/25,1179688863,Eyecon Caller ID & Spam Block
Impression,2026/03/25,1180488573,Eyecon Caller ID & Spam Block
Impression,2026/03/25,1180988713,Eyecon Caller ID & Spam Block
Impression,2026/03/25,1181088873,Eyecon Caller ID & Spam Block
Impression,2026/03/25,1181289193,Eyecon Caller ID & Spam Block
Impression,2026/03/25,1181388613,Eyecon Caller ID & Spam Block
Impression,2026/03/25,1231392694,Eyecon Caller ID & Spam Block
Impression,2026/03/25,1380793706,Eyecon Caller ID & Spam Block
Impression,2026/03/25,863688003,Eyecon Caller ID & Spam Block
Impression,2026/03/26,1179688863,Eyecon Caller ID & Spam Block
Impression,2026/03/26,1179688933,Eyecon Caller ID & Spam Block
Impression,2026/03/26,1180488573,Eyecon Caller ID & Spam Block
Impression,2026/03/26,1181088843,Eyecon Caller ID & Spam Block
Impression,2026/03/26,1181289193,Eyecon Caller ID & Spam Block
Impression,2026/03/26,1181388613,Eyecon Caller ID & Spam Block
Impression,2026/03/26,1181988193,Eyecon Caller ID & Spam Block
Impression,2026/03/26,1195417113,Eyecon Caller ID & Spam Block
Impression,2026/03/26,1231392694,Eyecon Caller ID & Spam Block
Impression,2026/03/26,1378274246,Eyecon Caller ID & Spam Block
Impression,2026/03/27,1179688933,Eyecon Caller ID & Spam Block
Impression,2026/03/27,1181388613,Eyecon Caller ID & Spam Block
Impression,2026/03/27,1181988163,Eyecon Caller ID & Spam Block
Impression,2026/03/27,1181988193,Eyecon Caller ID & Spam Block
Impression,2026/03/27,1231392694,Eyecon Caller ID & Spam Block
Impression,2026/03/27,849233764,Eyecon Caller ID & Spam Block
Impression,2026/03/27,863688003,Eyecon Caller ID & Spam Block
Impression,2026/03/28,1179688863,Eyecon Caller ID & Spam Block
Impression,2026/03/28,1179688933,Eyecon Caller ID & Spam Block
Impression,2026/03/28,1180189163,Eyecon Caller ID & Spam Block
Impression,2026/03/28,1180488573,Eyecon Caller ID & Spam Block
Impression,2026/03/28,1180988713,Eyecon Caller ID & Spam Block
Impression,2026/03/28,1181088843,Eyecon Caller ID & Spam Block
Impression,2026/03/28,1181388613,Eyecon Caller ID & Spam Block
Impression,2026/03/28,1181988163,Eyecon Caller ID & Spam Block
Impression,2026/03/28,1181988193,Eyecon Caller ID & Spam Block
Impression,2026/03/28,1196111343,Eyecon Caller ID & Spam Block
Impression,2026/03/28,1197002713,Eyecon Caller ID & Spam Block
Impression,2026/03/28,1200279923,Eyecon Caller ID & Spam Block
Impression,2026/03/28,1231392694,Eyecon Caller ID & Spam Block
Impression,2026/03/29,1179688863,Eyecon Caller ID & Spam Block
Impression,2026/03/29,1180189163,Eyecon Caller ID & Spam Block
Impression,2026/03/29,1180988713,Eyecon Caller ID & Spam Block
Impression,2026/03/29,1181088843,Eyecon Caller ID & Spam Block
Impression,2026/03/29,1181988163,Eyecon Caller ID & Spam Block
Impression,2026/03/29,1196111343,Eyecon Caller ID & Spam Block
Impression,2026/03/29,1200279923,Eyecon Caller ID & Spam Block
Impression,2026/03/29,1231392694,Eyecon Caller ID & Spam Block
Impression,2026/03/29,849233764,Eyecon Caller ID & Spam Block
Click,2026/03/30,1181988163,Eyecon Caller ID & Spam Block
Impression,2026/03/30,1179688863,Eyecon Caller ID & Spam Block
Impression,2026/03/30,1180189163,Eyecon Caller ID & Spam Block
Impression,2026/03/30,1181088843,Eyecon Caller ID & Spam Block
Impression,2026/03/30,1181988163,Eyecon Caller ID & Spam Block
Impression,2026/03/30,1199608453,Eyecon Caller ID & Spam Block
Impression,2026/03/30,1200502553,Eyecon Caller ID & Spam Block
Impression,2026/03/30,1231392694,Eyecon Caller ID & Spam Block
Impression,2026/03/30,1231914574,Eyecon Caller ID & Spam Block
Impression,2026/03/30,849233764,Eyecon Caller ID & Spam Block
Impression,2026/03/30,863688003,Eyecon Caller ID & Spam Block
Impression,2026/03/31,1179688863,Eyecon Caller ID & Spam Block
Impression,2026/03/31,1180189163,Eyecon Caller ID & Spam Block
Impression,2026/03/31,1181988163,Eyecon Caller ID & Spam Block
Impression,2026/03/31,1199608453,Eyecon Caller ID & Spam Block
Impression,2026/03/31,1231392694,Eyecon Caller ID & Spam Block
Impression,2026/03/31,849233764,Eyecon Caller ID & Spam Block
Impression,2026/03/31,863688003,Eyecon Caller ID & Spam Block
Impression,2026/04/01,1179688863,Eyecon Caller ID & Spam Block
Impression,2026/04/01,1180189163,Eyecon Caller ID & Spam Block
Impression,2026/04/01,1181988163,Eyecon Caller ID & Spam Block
Impression,2026/04/01,1199608453,Eyecon Caller ID & Spam Block
Impression,2026/04/01,1200110053,Eyecon Caller ID & Spam Block
Impression,2026/04/01,1231392694,Eyecon Caller ID & Spam Block
Impression,2026/04/01,849233764,Eyecon Caller ID & Spam Block
Impression,2026/04/02,1179688863,Eyecon Caller ID & Spam Block
Impression,2026/04/02,1180189163,Eyecon Caller ID & Spam Block
Impression,2026/04/02,1181088843,Eyecon Caller ID & Spam Block
Impression,2026/04/02,1181988163,Eyecon Caller ID & Spam Block
Impression,2026/04/02,1198509893,Eyecon Caller ID & Spam Block
Impression,2026/04/02,1201188333,Eyecon Caller ID & Spam Block
Impression,2026/04/02,1202586763,Eyecon Caller ID & Spam Block
Impression,2026/04/02,1231392694,Eyecon Caller ID & Spam Block
Impression,2026/04/02,1382175326,Eyecon Caller ID & Spam Block
Impression,2026/04/02,1383769646,Eyecon Caller ID & Spam Block
Impression,2026/04/03,1199608453,Eyecon Caller ID & Spam Block
Impression,2026/04/03,1199809103,Eyecon Caller ID & Spam Block
Impression,2026/04/03,1200307073,Eyecon Caller ID & Spam Block
Impression,2026/04/03,1231392694,Eyecon Caller ID & Spam Block
Impression,2026/04/03,849233764,Eyecon Caller ID & Spam Block
Impression,2026/04/04,1199608453,Eyecon Caller ID & Spam Block
Impression,2026/04/04,1202586763,Eyecon Caller ID & Spam Block
Impression,2026/04/04,1231392694,Eyecon Caller ID & Spam Block
Impression,2026/04/04,849233764,Eyecon Caller ID & Spam Block
Impression,2026/04/05,1200205943,Eyecon Caller ID & Spam Block
Impression,2026/04/05,1231392694,Eyecon Caller ID & Spam Block
Impression,2026/04/05,1385318096,Eyecon Caller ID & Spam Block
Impression,2026/04/05,849233764,Eyecon Caller ID & Spam Block
Impression,2026/04/05,863688003,Eyecon Caller ID & Spam Block
Impression,2026/04/06,1201188333,Eyecon Caller ID & Spam Block
Impression,2026/04/06,1202588823,Eyecon Caller ID & Spam Block
Impression,2026/04/06,1231392694,Eyecon Caller ID & Spam Block
Impression,2026/04/06,849233764,Eyecon Caller ID & Spam Block
Impression,2026/04/07,1201188333,Eyecon Caller ID & Spam Block
Impression,2026/04/07,1231392694,Eyecon Caller ID & Spam Block
Impression,2026/04/07,1380336776,Eyecon Caller ID & Spam Block
Impression,2026/04/07,1385318096,Eyecon Caller ID & Spam Block
Impression,2026/04/07,849233764,Eyecon Caller ID & Spam Block
Impression,2026/04/07,863688003,Eyecon Caller ID & Spam Block
Impression,2026/04/08,1201188333,Eyecon Caller ID & Spam Block
Impression,2026/04/08,1231392694,Eyecon Caller ID & Spam Block
Impression,2026/04/08,615878336,Eyecon Caller ID & Spam Block
Impression,2026/04/09,1201188333,Eyecon Caller ID & Spam Block
Impression,2026/04/09,1229632394,Eyecon Caller ID & Spam Block
Impression,2026/04/09,1231392694,Eyecon Caller ID & Spam Block
Impression,2026/04/09,863688003,Eyecon Caller ID & Spam Block
Impression,2026/04/10,1201188333,Eyecon Caller ID & Spam Block
Impression,2026/04/10,1231392694,Eyecon Caller ID & Spam Block
Impression,2026/04/11,1231392694,Eyecon Caller ID & Spam Block
Impression,2026/04/12,1244514284,Eyecon Caller ID & Spam Block
Impression,2026/04/13,1205890693,Eyecon Caller ID & Spam Block
Impression,2026/04/13,1213888513,Eyecon Caller ID & Spam Block
Impression,2026/04/13,1213981823,Eyecon Caller ID & Spam Block
Impression,2026/04/13,1244514284,Eyecon Caller ID & Spam Block
Impression,2026/04/14,1015481416,Eyecon Caller ID & Spam Block
Impression,2026/04/14,1205689173,Eyecon Caller ID & Spam Block
Impression,2026/04/14,1213888513,Eyecon Caller ID & Spam Block
Impression,2026/04/14,1213981823,Eyecon Caller ID & Spam Block
Impression,2026/04/14,1236091684,Eyecon Caller ID & Spam Block
Impression,2026/04/14,849233764,Eyecon Caller ID & Spam Block
Impression,2026/04/14,863688003,Eyecon Caller ID & Spam Block
Impression,2026/04/15,1213981823,Eyecon Caller ID & Spam Block
Impression,2026/04/15,1377253526,Eyecon Caller ID & Spam Block
Impression,2026/04/15,1377282066,Eyecon Caller ID & Spam Block
Impression,2026/04/15,1380911106,Eyecon Caller ID & Spam Block
Impression,2026/04/15,849233764,Eyecon Caller ID & Spam Block
Impression,2026/04/16,1190752583,Eyecon Caller ID & Spam Block
Impression,2026/04/16,1205981633,Eyecon Caller ID & Spam Block
Impression,2026/04/16,1213888513,Eyecon Caller ID & Spam Block
Impression,2026/04/16,1213981823,Eyecon Caller ID & Spam Block
Impression,2026/04/16,1388506266,Eyecon Caller ID & Spam Block
Impression,2026/04/16,849233764,Eyecon Caller ID & Spam Block
Impression,2026/04/16,863688003,Eyecon Caller ID & Spam Block
Impression,2026/04/17,1377253526,Eyecon Caller ID & Spam Block
Impression,2026/04/17,849233764,Eyecon Caller ID & Spam Block
Impression,2026/04/18,1213888513,Eyecon Caller ID & Spam Block
Impression,2026/04/18,1229632394,Eyecon Caller ID & Spam Block
Impression,2026/04/18,1387706266,Eyecon Caller ID & Spam Block
Impression,2026/04/18,1390985076,Eyecon Caller ID & Spam Block
Impression,2026/04/18,849233764,Eyecon Caller ID & Spam Block
Impression,2026/04/18,863688003,Eyecon Caller ID & Spam Block
Impression,2026/04/19,1213888513,Eyecon Caller ID & Spam Block
Impression,2026/04/19,849233764,Eyecon Caller ID & Spam Block
Impression,2026/04/20,849233764,Eyecon Caller ID & Spam Block
Impression,2026/04/21,1213888513,Eyecon Caller ID & Spam Block
Impression,2026/04/21,849233764,Eyecon Caller ID & Spam Block
Impression,2026/04/22,1213888513,Eyecon Caller ID & Spam Block
Impression,2026/04/22,1220483263,Eyecon Caller ID & Spam Block
Impression,2026/04/22,1221604653,Eyecon Caller ID & Spam Block
Impression,2026/04/22,849233764,Eyecon Caller ID & Spam Block
Impression,2026/04/23,1201383553,Eyecon Caller ID & Spam Block
Impression,2026/04/23,1213888513,Eyecon Caller ID & Spam Block
Impression,2026/04/23,1221604653,Eyecon Caller ID & Spam Block
Impression,2026/04/23,1246412764,Eyecon Caller ID & Spam Block
Impression,2026/04/23,849233764,Eyecon Caller ID & Spam Block
Impression,2026/04/23,863688003,Eyecon Caller ID & Spam Block
Impression,2026/04/23,938721736,Eyecon Caller ID & Spam Block
Impression,2026/04/24,1213888513,Eyecon Caller ID & Spam Block
Impression,2026/04/24,1221604653,Eyecon Caller ID & Spam Block
Impression,2026/04/24,1231914574,Eyecon Caller ID & Spam Block
Impression,2026/04/24,1246215134,Eyecon Caller ID & Spam Block
Impression,2026/04/25,1221604653,Eyecon Caller ID & Spam Block
Impression,2026/04/25,1387706266,Eyecon Caller ID & Spam Block
Impression,2026/04/25,849233764,Eyecon Caller ID & Spam Block
Impression,2026/04/26,1213888513,Eyecon Caller ID & Spam Block
Impression,2026/04/26,1229632394,Eyecon Caller ID & Spam Block
Impression,2026/04/26,849233764,Eyecon Caller ID & Spam Block
Impression,2026/04/27,1275185884,Eyecon Caller ID & Spam Block
Impression,2026/04/27,1278881054,Eyecon Caller ID & Spam Block
Impression,2026/04/27,863688003,Eyecon Caller ID & Spam Block
Impression,2026/04/28,1213888513,Eyecon Caller ID & Spam Block
Impression,2026/04/28,849233764,Eyecon Caller ID & Spam Block
Impression,2026/04/28,863688003,Eyecon Caller ID & Spam Block
Impression,2026/04/29,1251407003,Eyecon Caller ID & Spam Block
Impression,2026/04/29,1278881054,Eyecon Caller ID & Spam Block
Impression,2026/04/29,863688003,Eyecon Caller ID & Spam Block
Impression,2026/05/01,1251407003,Eyecon Caller ID & Spam Block
Impression,2026/05/02,849233764,Eyecon Caller ID & Spam Block
Click,2026/05/03,1276100844,Eyecon Caller ID & Spam Block
Impression,2026/05/03,1220322173,Eyecon Caller ID & Spam Block
Impression,2026/05/03,1246215134,Eyecon Caller ID & Spam Block
Impression,2026/05/03,1252683383,Eyecon Caller ID & Spam Block
Impression,2026/05/03,1276100844,Eyecon Caller ID & Spam Block
Impression,2026/05/03,1387706266,Eyecon Caller ID & Spam Block
Impression,2026/05/03,849233764,Eyecon Caller ID & Spam Block
Impression,2026/05/04,1220322173,Eyecon Caller ID & Spam Block
Impression,2026/05/04,1229040344,Eyecon Caller ID & Spam Block
Impression,2026/05/04,1253107253,Eyecon Caller ID & Spam Block
Impression,2026/05/04,1253507203,Eyecon Caller ID & Spam Block
Impression,2026/05/04,1253989973,Eyecon Caller ID & Spam Block
Impression,2026/05/04,1276100844,Eyecon Caller ID & Spam Block
Impression,2026/05/04,1289483284,Eyecon Caller ID & Spam Block
Impression,2026/05/04,1387706266,Eyecon Caller ID & Spam Block
Impression,2026/05/04,849233764,Eyecon Caller ID & Spam Block
Impression,2026/05/04,863688003,Eyecon Caller ID & Spam Block
Click,2026/05/05,1289483284,Eyecon Caller ID & Spam Block
Impression,2026/05/05,1253107253,Eyecon Caller ID & Spam Block
Impression,2026/05/05,1276100844,Eyecon Caller ID & Spam Block
Impression,2026/05/05,1286831874,Eyecon Caller ID & Spam Block
Impression,2026/05/05,1289483284,Eyecon Caller ID & Spam Block
Impression,2026/05/05,849233764,Eyecon Caller ID & Spam Block
Impression,2026/05/05,863688003,Eyecon Caller ID & Spam Block
Impression,2026/05/06,1251407003,Eyecon Caller ID & Spam Block
Impression,2026/05/06,1259583503,Eyecon Caller ID & Spam Block
Impression,2026/05/06,1259583923,Eyecon Caller ID & Spam Block
Impression,2026/05/06,849233764,Eyecon Caller ID & Spam Block
Impression,2026/05/07,1244416474,Eyecon Caller ID & Spam Block
Impression,2026/05/07,1259583503,Eyecon Caller ID & Spam Block
Impression,2026/05/07,1259583893,Eyecon Caller ID & Spam Block
Impression,2026/05/07,1276100844,Eyecon Caller ID & Spam Block
Impression,2026/05/07,1286831874,Eyecon Caller ID & Spam Block
Impression,2026/05/07,1287585814,Eyecon Caller ID & Spam Block
Impression,2026/05/07,1289483284,Eyecon Caller ID & Spam Block
Impression,2026/05/07,849233764,Eyecon Caller ID & Spam Block
Impression,2026/05/07,863688003,Eyecon Caller ID & Spam Block
Impression,2026/05/08,1251407003,Eyecon Caller ID & Spam Block
Impression,2026/05/08,1259583503,Eyecon Caller ID & Spam Block
Impression,2026/05/08,1259583893,Eyecon Caller ID & Spam Block
Impression,2026/05/08,1259583923,Eyecon Caller ID & Spam Block
Impression,2026/05/08,1276100844,Eyecon Caller ID & Spam Block
Impression,2026/05/08,1287585814,Eyecon Caller ID & Spam Block
Impression,2026/05/08,849233764,Eyecon Caller ID & Spam Block
Impression,2026/05/08,863688003,Eyecon Caller ID & Spam Block
Impression,2026/05/09,1251381893,Eyecon Caller ID & Spam Block
Impression,2026/05/09,1259583503,Eyecon Caller ID & Spam Block
Impression,2026/05/09,1259583893,Eyecon Caller ID & Spam Block
Impression,2026/05/09,1259583923,Eyecon Caller ID & Spam Block
Impression,2026/05/09,1276100844,Eyecon Caller ID & Spam Block
Impression,2026/05/09,1286831874,Eyecon Caller ID & Spam Block
Impression,2026/05/09,1293981794,Eyecon Caller ID & Spam Block
Impression,2026/05/09,1404401756,Eyecon Caller ID & Spam Block
Impression,2026/05/09,1407661226,Eyecon Caller ID & Spam Block
Impression,2026/05/09,1407730796,Eyecon Caller ID & Spam Block
Impression,2026/05/09,849233764,Eyecon Caller ID & Spam Block
Impression,2026/05/09,863688003,Eyecon Caller ID & Spam Block
Impression,2026/05/10,1259583893,Eyecon Caller ID & Spam Block
Impression,2026/05/10,1259583923,Eyecon Caller ID & Spam Block
Impression,2026/05/10,849233764,Eyecon Caller ID & Spam Block
Impression,2026/05/11,1219289903,Eyecon Caller ID & Spam Block
Impression,2026/05/11,1251407403,Eyecon Caller ID & Spam Block
Impression,2026/05/11,1289803784,Eyecon Caller ID & Spam Block
Impression,2026/05/11,1404401756,Eyecon Caller ID & Spam Block
Impression,2026/05/11,849233764,Eyecon Caller ID & Spam Block
Impression,2026/05/11,863688003,Eyecon Caller ID & Spam Block
Impression,2026/05/14,1265081073,Eyecon Caller ID & Spam Block
Impression,2026/05/14,1387701706,Eyecon Caller ID & Spam Block
Impression,2026/05/14,1387711926,Eyecon Caller ID & Spam Block
Impression,2026/05/16,863688003,Eyecon Caller ID & Spam Block
Impression,2026/05/19,1297491214,Eyecon Caller ID & Spam Block
Impression,2026/05/19,1304680904,Eyecon Caller ID & Spam Block
