Date/Time,Media Description,Media Link
"You uploaded a photo on November 30, 2025 at 12:58 PM (GMT)", -,https://media.licdn.com/dms/image/v2/D4E2DAQEgiZvWgBRO0w/profile-treasury-image-shrink_8192_8192/B4EZrU1.J4KoAg-/0/1764507510366?e=1779829200&v=beta&t=MIJFe56NUF35zDAdQElmvGFRyum5jZZK6zUCe7ltjNU
"You uploaded a photo on November 30, 2025 at 12:58 PM (GMT)", -,https://media.licdn.com/dms/image/v2/D4E2DAQFUgHGAnS67AA/profile-treasury-image-shrink_1920_1920/B4EZrU18kfKkAc-/0/1764507504197?e=1779829200&v=beta&t=-Rqde3MgQ1pr6b3nYyaZ5S6p6-wsYawhgBz7rpZyIog
"You uploaded a photo on November 30, 2025 at 12:57 PM (GMT)", -,https://media.licdn.com/dms/image/v2/D4E2DAQGAeAlPwXh8Ag/profile-treasury-image-shrink_8192_8192/B4EZrU1qJJIoAg-/0/1764507427821?e=1779829200&v=beta&t=9-lII-wQUwAJGqOpw1T2nmRPxP2TGHOl_KscZimbqnE
"You uploaded a photo on August 3, 2025 at 12:25 PM (GMT)", -,https://media.licdn.com/dms/image/v2/D4E2DAQE2-Bwx32YqjA/profile-treasury-image-shrink_8192_8192/B4EZhv5MftGoAg-/0/1754223922019?e=1779829200&v=beta&t=BuURbPL3ySEDi6GhXPei1HA_WdRyBm3SBnmEZsj6sxg
"You uploaded a photo on August 3, 2025 at 12:05 PM (GMT)", -,https://media.licdn.com/dms/image/v2/D4E03AQEnPIIy_dsE5w/profile-displayphoto-scale_400_400/B4EZhv0qLZHoAg-/0/1754222732712?e=1780531200&v=beta&t=NJ01nW10JtLrL1uUdYRWx6Murj2OgIRjtBIzkS4xVUY
"You uploaded a profile photo on August 3, 2025 at 12:05 PM (GMT)", -,https://media.licdn.com/dms/image/v2/D4E04AQGxfhe91LziAg/profile-originalphoto-shrink_900_1200/B4EZhv0qLSGcAI-/0/1754222732487?e=1780531200&v=beta&t=qGiQvq5Q06DjppDi7UBhQ4-6YcMAHETL7vYmabhi97I
"You uploaded a photo on August 3, 2025 at 11:59 AM (GMT)", -,https://media.licdn.com/dms/image/v2/D4E2DAQHIbSTpIIQWoQ/profile-treasury-image-shrink_8192_8192/B4EZhvzS2oGoAg-/0/1754222376737?e=1779829200&v=beta&t=ycnVkLqoI-XomZziaW5u3tdUENTvClzpDI3uHgq-gAI
"You uploaded a photo on June 29, 2024 at 7:41 AM (GMT)", -,https://media.licdn.com/dms/image/v2/D4E2DAQHQWB4pyGugOg/profile-treasury-image-shrink_8192_8192/profile-treasury-image-shrink_8192_8192/0/1719646903043?e=1779829200&v=beta&t=RjhLzXI6N3fWqHJ0UrwNsU5Yd9XDc2yjksqpttPMnx4
"You uploaded a photo on June 29, 2024 at 7:39 AM (GMT)", -,https://media.licdn.com/dms/image/v2/D4E2DAQGbMsyTj3WoCw/profile-treasury-image-shrink_8192_8192/profile-treasury-image-shrink_8192_8192/0/1719646765475?e=1779829200&v=beta&t=HM2_snERA8EUFB0I1ChWn9jRcc9DTuw4OaMxB_SHZYc
"You uploaded a photo on March 7, 2024 at 2:10 PM (GMT)", -,https://media.licdn.com/dms/image/v2/D4E2DAQGYA7BQaYLU4w/profile-treasury-image-shrink_800_800/profile-treasury-image-shrink_800_800/0/1709820609206?e=1779829200&v=beta&t=oQPHMwdDfM43rmZnSlSUsD94VGZ_Xhm6LJt5zmvVB9k
"You uploaded a photo on March 7, 2024 at 2:09 PM (GMT)", -,https://media.licdn.com/dms/image/v2/D4E2DAQFVmtkHUQ__SQ/profile-treasury-image-shrink_8192_8192/profile-treasury-image-shrink_8192_8192/0/1709820569838?e=1779829200&v=beta&t=_KTwD4xi800inncwucGuhACg0WaY7cwin0YxbVO3bXw
