savedItem,CreatedTime
https://www.linkedin.com/feed/update/urn:li:activity:7460701622881574913,2026-05-14 18:30:28
https://www.linkedin.com/feed/update/urn:li:activity:7460371869544833024,2026-05-14 11:15:40
https://www.linkedin.com/feed/update/urn:li:activity:7455306203301122048,2026-05-14 10:29:52
https://www.linkedin.com/feed/update/urn:li:activity:7459576729930551296,2026-05-12 15:30:04
https://www.linkedin.com/feed/update/urn:li:activity:7459930867675852800,2026-05-12 14:51:31
https://www.linkedin.com/feed/update/urn:li:activity:7459853333428740096,2026-05-12 11:47:13
https://www.linkedin.com/feed/update/urn:li:activity:7459929060006252546,2026-05-12 11:38:00
https://www.linkedin.com/feed/update/urn:li:activity:7459548816267112448,2026-05-11 10:29:13
https://www.linkedin.com/feed/update/urn:li:activity:7455562204315127809,2026-05-10 09:15:16
https://www.linkedin.com/feed/update/urn:li:activity:7457277900006940672,2026-05-05 13:16:31
https://www.linkedin.com/feed/update/urn:li:activity:7452271753768185856,2026-04-21 13:28:04
https://www.linkedin.com/feed/update/urn:li:activity:7451870202654343168,2026-04-21 07:32:09
https://www.linkedin.com/feed/update/urn:li:activity:7449877260117082112,2026-04-14 18:08:32
https://www.linkedin.com/feed/update/urn:li:activity:7442180945673138176,2026-03-24 15:31:48
https://www.linkedin.com/feed/update/urn:li:activity:7440146713945858050,2026-03-19 09:55:57
https://www.linkedin.com/feed/update/urn:li:activity:7440268797887909888,2026-03-19 06:14:08
https://www.linkedin.com/feed/update/urn:li:activity:7439315183778467840,2026-03-17 10:46:02
https://www.linkedin.com/feed/update/urn:li:activity:7437029545729343488,2026-03-11 06:13:23
https://www.linkedin.com/feed/update/urn:li:activity:7433886001707606016,2026-03-03 13:49:04
https://www.linkedin.com/feed/update/urn:li:activity:7425227939283353601,2026-03-01 11:43:02
https://www.linkedin.com/feed/update/urn:li:activity:7430377136772915200,2026-02-26 07:02:45
https://www.linkedin.com/feed/update/urn:li:activity:7420836504207347713,2026-01-24 19:40:18
https://www.linkedin.com/feed/update/urn:li:activity:7419081617153064961,2026-01-19 20:34:01
https://www.linkedin.com/feed/update/urn:li:activity:7417968824483917824,2026-01-17 17:46:13
https://www.linkedin.com/feed/update/urn:li:activity:7416351511120793601,2026-01-12 09:38:25
https://www.linkedin.com/feed/update/urn:li:activity:7406528534032302081,2025-12-16 08:35:14
https://www.linkedin.com/feed/update/urn:li:activity:7405242397879730176,2025-12-14 19:16:12
https://www.linkedin.com/feed/update/urn:li:activity:7400458843752837120,2025-11-29 11:38:32
https://www.linkedin.com/feed/update/urn:li:activity:7399416671339261954,2025-11-26 17:47:54
https://www.linkedin.com/feed/update/urn:li:activity:7398666691343384576,2025-11-25 09:09:43
https://www.linkedin.com/feed/update/urn:li:activity:7395809204080365569,2025-11-23 23:52:53
https://www.linkedin.com/feed/update/urn:li:activity:7398295600556838913,2025-11-23 23:52:25
https://www.linkedin.com/feed/update/urn:li:activity:7396504823644413952,2025-11-22 20:22:58
https://www.linkedin.com/feed/update/urn:li:activity:7397623513483988992,2025-11-21 18:39:55
https://www.linkedin.com/feed/update/urn:li:activity:7396822338002100225,2025-11-19 08:47:58
https://www.linkedin.com/feed/update/urn:li:activity:7394615057168609281,2025-11-16 19:26:05
https://www.linkedin.com/feed/update/urn:li:activity:7352758556179230720,2025-07-21 17:14:46
https://www.linkedin.com/feed/update/urn:li:activity:7235556944319512576,2025-07-16 03:20:11
https://www.linkedin.com/feed/update/urn:li:activity:7349028144617521155,2025-07-11 10:52:01
https://www.linkedin.com/feed/update/urn:li:activity:7348251314490855426,2025-07-09 19:44:06
https://www.linkedin.com/feed/update/urn:li:activity:7341492247416266753,2025-06-30 19:23:24
https://www.linkedin.com/feed/update/urn:li:activity:7345019156234137600,2025-06-30 19:23:16
https://www.linkedin.com/feed/update/urn:li:activity:7337234963567681536,2025-06-08 13:18:21
https://www.linkedin.com/feed/update/urn:li:activity:7304441586237558784,2025-03-09 14:04:04
https://www.linkedin.com/feed/update/urn:li:activity:7295773635045150720,2025-02-13 18:30:10
https://www.linkedin.com/feed/update/urn:li:activity:7295401679330447360,2025-02-12 17:49:07
https://www.linkedin.com/feed/update/urn:li:activity:7294978666508292096,2025-02-11 08:19:46
https://www.linkedin.com/feed/update/urn:li:activity:7293256042543501312,2025-02-06 20:01:35
https://www.linkedin.com/feed/update/urn:li:activity:7285305877262172162,2025-02-06 09:47:30
https://www.linkedin.com/feed/update/urn:li:activity:7285228088391569408,2025-01-15 21:04:45
https://www.linkedin.com/feed/update/urn:li:activity:7283200777525825536,2025-01-14 05:43:34
https://www.linkedin.com/feed/update/urn:li:activity:7281419521486204928,2025-01-05 14:45:10
https://www.linkedin.com/feed/update/urn:li:activity:7279005905726177280,2024-12-29 06:38:43
https://www.linkedin.com/feed/update/urn:li:activity:7278388042912919552,2024-12-27 19:00:14
https://www.linkedin.com/feed/update/urn:li:activity:7275219524570746880,2024-12-21 09:02:35
https://www.linkedin.com/feed/update/urn:li:activity:7270403247675199489,2024-12-14 19:06:30
https://www.linkedin.com/feed/update/urn:li:activity:7267740233352273933,2024-12-03 16:01:41
https://www.linkedin.com/feed/update/urn:li:activity:7267841113334456323,2024-11-30 14:05:45
https://www.linkedin.com/feed/update/urn:li:activity:7267829571201216512,2024-11-30 14:04:50
https://www.linkedin.com/feed/update/urn:li:activity:7260618182757900288,2024-11-09 11:06:46
https://www.linkedin.com/feed/update/urn:li:activity:7255057934437498881,2024-10-24 16:11:27
https://www.linkedin.com/feed/update/urn:li:activity:7254108647939563521,2024-10-22 06:43:06
https://www.linkedin.com/feed/update/urn:li:activity:7254078910215114752,2024-10-22 06:42:45
https://www.linkedin.com/feed/update/urn:li:activity:7251481904342876161,2024-10-14 13:14:32
https://www.linkedin.com/feed/update/urn:li:activity:7251497490577866754,2024-10-14 13:14:06
https://www.linkedin.com/feed/update/urn:li:activity:7251529981908897794,2024-10-14 13:13:44
https://www.linkedin.com/feed/update/urn:li:activity:7244044952802930690,2024-10-10 06:54:04
https://www.linkedin.com/feed/update/urn:li:activity:7249762328064253952,2024-10-10 06:53:51
https://www.linkedin.com/feed/update/urn:li:activity:7249276353391284225,2024-10-09 11:14:02
https://www.linkedin.com/feed/update/urn:li:activity:7249000576846356482,2024-10-07 22:34:42
https://www.linkedin.com/feed/update/urn:li:activity:7247724667581399041,2024-10-04 09:02:51
https://www.linkedin.com/feed/update/urn:li:activity:7246451239805239297,2024-09-30 10:34:40
https://www.linkedin.com/feed/update/urn:li:activity:7245040016781905920,2024-09-26 15:35:24
https://www.linkedin.com/feed/update/urn:li:activity:7243913238214508544,2024-09-23 10:08:47
https://www.linkedin.com/feed/update/urn:li:activity:7236452930516635648,2024-09-21 19:55:49
https://www.linkedin.com/feed/update/urn:li:activity:7243049146381684736,2024-09-21 19:54:21
https://www.linkedin.com/feed/update/urn:li:activity:7232494076778975232,2024-09-21 17:04:25
https://www.linkedin.com/feed/update/urn:li:activity:7238127613951496192,2024-09-07 21:14:10
https://www.linkedin.com/feed/update/urn:li:activity:7234211012105670659,2024-09-02 16:40:53
https://www.linkedin.com/feed/update/urn:li:activity:7234042253118164992,2024-09-01 17:05:32
https://www.linkedin.com/feed/update/urn:li:activity:7233520715579236352,2024-09-01 17:04:23
https://www.linkedin.com/feed/update/urn:li:activity:7233526117003841536,2024-08-31 19:58:35
https://www.linkedin.com/feed/update/urn:li:activity:7234820694948122624,2024-08-29 16:23:28
https://www.linkedin.com/feed/update/urn:li:activity:7234781235389095936,2024-08-29 07:36:06
https://www.linkedin.com/feed/update/urn:li:activity:7234457326869446659,2024-08-28 09:59:32
https://www.linkedin.com/feed/update/urn:li:activity:7234448966757584896,2024-08-28 08:49:30
https://www.linkedin.com/feed/update/urn:li:activity:7234219987291242498,2024-08-27 21:02:25
https://www.linkedin.com/feed/update/urn:li:activity:7233776512456417281,2024-08-27 17:01:47
https://www.linkedin.com/feed/update/urn:li:activity:7232406949244329984,2024-08-27 14:35:56
https://www.linkedin.com/feed/update/urn:li:activity:7233978827234803713,2024-08-27 01:36:28
https://www.linkedin.com/feed/update/urn:li:activity:7231628008237789184,2024-08-26 23:08:00
https://www.linkedin.com/feed/update/urn:li:activity:7232378532285362176,2024-08-26 23:04:36
https://www.linkedin.com/feed/update/urn:li:activity:7233835123987693568,2024-08-26 19:45:28
https://www.linkedin.com/feed/update/urn:li:activity:7233783093667520512,2024-08-26 10:52:45
https://www.linkedin.com/feed/update/urn:li:activity:7229832467510120448,2024-08-26 10:51:35
https://www.linkedin.com/feed/update/urn:li:activity:7230575051576676353,2024-08-26 10:51:28
https://www.linkedin.com/feed/update/urn:li:activity:7233766138126487552,2024-08-26 10:50:52
https://www.linkedin.com/feed/update/urn:li:activity:7233441309875662848,2024-08-25 17:04:22
https://www.linkedin.com/feed/update/urn:li:activity:7231421673814568960,2024-08-24 20:04:40
https://www.linkedin.com/feed/update/urn:li:activity:7232016105018449920,2024-08-21 14:30:54
https://www.linkedin.com/feed/update/urn:li:activity:7231972628222078977,2024-08-21 14:29:17
https://www.linkedin.com/feed/update/urn:li:activity:7231288603513925632,2024-08-19 14:04:35
https://www.linkedin.com/feed/update/urn:li:activity:7230925155500269568,2024-08-19 14:03:22
https://www.linkedin.com/feed/update/urn:li:activity:7231258240070696965,2024-08-19 14:03:09
https://www.linkedin.com/feed/update/urn:li:activity:7230192826498596864,2024-08-16 19:11:38
https://www.linkedin.com/feed/update/urn:li:activity:7229481892884955138,2024-08-15 17:03:03
https://www.linkedin.com/feed/update/urn:li:activity:7229377667689566208,2024-08-14 12:42:25
https://www.linkedin.com/feed/update/urn:li:activity:7229045826981908481,2024-08-13 13:59:52
https://www.linkedin.com/feed/update/urn:li:activity:7229035315254968320,2024-08-13 13:59:42
https://www.linkedin.com/feed/update/urn:li:activity:7229042427586609152,2024-08-13 13:53:41
https://www.linkedin.com/feed/update/urn:li:activity:7229108938540023808,2024-08-13 13:53:29
https://www.linkedin.com/feed/update/urn:li:activity:7229114102109880321,2024-08-13 13:53:12
https://www.linkedin.com/feed/update/urn:li:activity:7227570478876364800,2024-08-13 12:54:48
https://www.linkedin.com/feed/update/urn:li:activity:7226906942944722945,2024-08-09 13:50:50
https://www.linkedin.com/feed/update/urn:li:activity:7226750107977699328,2024-08-07 01:39:53
https://www.linkedin.com/feed/update/urn:li:activity:7225908707321114624,2024-08-04 19:43:34
https://www.linkedin.com/feed/update/urn:li:activity:7225450416145100801,2024-08-04 08:55:32
https://www.linkedin.com/feed/update/urn:li:activity:7218677781268725761,2024-08-03 08:23:00
https://www.linkedin.com/feed/update/urn:li:activity:7224674477249359872,2024-08-01 16:47:58
https://www.linkedin.com/feed/update/urn:li:activity:7223593998039302146,2024-07-29 22:40:46
https://www.linkedin.com/feed/update/urn:li:activity:7222478803187466242,2024-07-27 22:40:18
https://www.linkedin.com/feed/update/urn:li:activity:7223025252291751936,2024-07-27 22:36:58
https://www.linkedin.com/feed/update/urn:li:activity:7217511060973494272,2024-07-12 21:00:01
https://www.linkedin.com/feed/update/urn:li:activity:7211346020335558657,2024-07-03 07:15:05
https://www.linkedin.com/feed/update/urn:li:activity:7214133215542804481,2024-07-03 07:14:03
https://www.linkedin.com/feed/update/urn:li:activity:7213744999010590720,2024-07-02 18:41:04
https://www.linkedin.com/feed/update/urn:li:activity:7213313892473573376,2024-07-02 15:42:16
https://www.linkedin.com/feed/update/urn:li:activity:7213877016054407169,2024-07-02 12:56:38
https://www.linkedin.com/feed/update/urn:li:activity:7213836565716869120,2024-07-02 12:05:30
https://www.linkedin.com/feed/update/urn:li:activity:7213430468564643840,2024-07-01 08:02:19
https://www.linkedin.com/feed/update/urn:li:activity:7211714398833238017,2024-06-30 07:12:05
https://www.linkedin.com/feed/update/urn:li:activity:7211257172763029504,2024-06-30 07:07:28
https://www.linkedin.com/feed/update/urn:li:activity:7213043056994865153,2024-06-30 06:41:21
https://www.linkedin.com/feed/update/urn:li:activity:7210621792393089024,2024-06-28 23:42:02
https://www.linkedin.com/feed/update/urn:li:activity:7205894837739360256,2024-06-21 00:03:52
https://www.linkedin.com/feed/update/urn:li:activity:7208836538904780800,2024-06-18 20:46:20
https://www.linkedin.com/feed/update/urn:li:activity:7206895524275228673,2024-06-13 23:50:03
https://www.linkedin.com/feed/update/urn:li:activity:7206991354852192256,2024-06-13 23:43:35
https://www.linkedin.com/feed/update/urn:li:activity:7205379673969561600,2024-06-09 19:17:55
https://www.linkedin.com/feed/update/urn:li:activity:7205430366688415744,2024-06-09 19:16:57
https://www.linkedin.com/feed/update/urn:li:activity:7205205282522574848,2024-06-09 19:15:02
https://www.linkedin.com/feed/update/urn:li:activity:7200129794162724864,2024-06-04 18:49:00
https://www.linkedin.com/feed/update/urn:li:activity:7203063937104285696,2024-06-04 17:19:15
https://www.linkedin.com/feed/update/urn:li:activity:7203277355727953920,2024-06-03 21:19:39
https://www.linkedin.com/feed/update/urn:li:activity:7198807968874672128,2024-05-26 19:16:32
https://www.linkedin.com/feed/update/urn:li:activity:7199665480188522496,2024-05-24 12:38:14
https://www.linkedin.com/feed/update/urn:li:activity:7193100478472224768,2024-05-15 21:04:54
https://www.linkedin.com/feed/update/urn:li:activity:7196441948075737088,2024-05-15 21:02:17
https://www.linkedin.com/feed/update/urn:li:activity:7196435126065545216,2024-05-15 20:55:41
https://www.linkedin.com/feed/update/urn:li:activity:7190366846892589056,2024-05-05 05:42:17
https://www.linkedin.com/feed/update/urn:li:activity:7191681568598343680,2024-05-03 21:28:27
https://www.linkedin.com/feed/update/urn:li:activity:7189917281840164864,2024-05-01 21:22:51
https://www.linkedin.com/feed/update/urn:li:activity:7185939835629531137,2024-04-20 13:38:51
https://www.linkedin.com/feed/update/urn:li:activity:7187383644510912513,2024-04-20 13:36:54
https://www.linkedin.com/feed/update/urn:li:activity:7174472315206844416,2024-03-15 20:58:39
https://www.linkedin.com/feed/update/urn:li:activity:7173325573841252352,2024-03-15 15:27:56
https://www.linkedin.com/feed/update/urn:li:activity:7173191758808354816,2024-03-12 12:52:52
https://www.linkedin.com/feed/update/urn:li:activity:7172224742333124608,2024-03-10 09:58:55
